<?xml version="1.0" encoding="UTF-8"?>
<project-private xmlns="http://www.netbeans.org/ns/project-private/1">
    <editor-bookmarks xmlns="http://www.netbeans.org/ns/editor-bookmarks/2" lastBookmarkId="0"/>
    <open-files xmlns="http://www.netbeans.org/ns/projectui-open-files/2">
        <group>
            <file>file:/Y:/CS-472-1/ComiEducation/web/css/styles.css</file>
            <file>file:/Y:/CS-472-1/ComiEducation/web/css/register.css</file>
            <file>file:/Y:/CS-472-1/ComiEducation/web/css/login.css</file>
        </group>
    </open-files>
</project-private>
